src-bobc-vy|-init-	src/bobc.vy.__init__
src-bobc-vy|-module-	src/bobc.vy.__module__
src-bobc-vy|bind-vault-engine	src/bobc.vy.bind_vault_engine
src-bobc-vy|burn	src/bobc.vy.burn
src-bobc-vy|mint	src/bobc.vy.mint
src-bobc-vy|vault-engine	src/bobc.vy.vault_engine
src-vault-engine-vy|asset	src/vault_engine.vy.ASSET
src-vault-engine-vy|bobc	src/vault_engine.vy.BOBC
src-vault-engine-vy|insurance-bps	src/vault_engine.vy.INSURANCE_BPS
src-vault-engine-vy|liquidator-bps	src/vault_engine.vy.LIQUIDATOR_BPS
src-vault-engine-vy|liq-cr	src/vault_engine.vy.LIQ_CR
src-vault-engine-vy|max-annual-rate	src/vault_engine.vy.MAX_ANNUAL_RATE
src-vault-engine-vy|max-collateral-assets	src/vault_engine.vy.MAX_COLLATERAL_ASSETS
src-vault-engine-vy|max-staleness	src/vault_engine.vy.MAX_STALENESS
src-vault-engine-vy|min-annual-rate	src/vault_engine.vy.MIN_ANNUAL_RATE
src-vault-engine-vy|min-cr	src/vault_engine.vy.MIN_CR
src-vault-engine-vy|min-debt	src/vault_engine.vy.MIN_DEBT
src-vault-engine-vy|peg-oracle	src/vault_engine.vy.PEG_ORACLE
src-vault-engine-vy|penalty-bps	src/vault_engine.vy.PENALTY_BPS
src-vault-engine-vy|vault	src/vault_engine.vy.VAULT
src-vault-engine-vy|-init-	src/vault_engine.vy.__init__
src-vault-engine-vy|-module-	src/vault_engine.vy.__module__
src-vault-engine-vy|-accrue	src/vault_engine.vy._accrue
src-vault-engine-vy|-assert-rate	src/vault_engine.vy._assert_rate
src-vault-engine-vy|-bounded-redemption	src/vault_engine.vy._bounded_redemption
src-vault-engine-vy|-burn-bobc	src/vault_engine.vy._burn_bobc
src-vault-engine-vy|-burn-fee	src/vault_engine.vy._burn_fee
src-vault-engine-vy|-checked-rate	src/vault_engine.vy._checked_rate
src-vault-engine-vy|-clear-position	src/vault_engine.vy._clear_position
src-vault-engine-vy|-mint-bobc	src/vault_engine.vy._mint_bobc
src-vault-engine-vy|-payout	src/vault_engine.vy._payout
src-vault-engine-vy|-pending	src/vault_engine.vy._pending
src-vault-engine-vy|-pull-deposit	src/vault_engine.vy._pull_deposit
src-vault-engine-vy|-ratio	src/vault_engine.vy._ratio
src-vault-engine-vy|-redeem-all	src/vault_engine.vy._redeem_all
src-vault-engine-vy|-redeem-from	src/vault_engine.vy._redeem_from
src-vault-engine-vy|-vault-assets	src/vault_engine.vy._vault_assets
src-vault-engine-vy|-zero-position	src/vault_engine.vy._zero_position
src-vault-engine-vy|add-collateral	src/vault_engine.vy.add_collateral
src-vault-engine-vy|bad-debt	src/vault_engine.vy.bad_debt
src-vault-engine-vy|borrow	src/vault_engine.vy.borrow
src-vault-engine-vy|close-position	src/vault_engine.vy.close_position
src-vault-engine-vy|collateral-assets	src/vault_engine.vy.collateral_assets
src-vault-engine-vy|collateral-ratio	src/vault_engine.vy.collateral_ratio
src-vault-engine-vy|head	src/vault_engine.vy.head
src-vault-engine-vy|insurance-assets	src/vault_engine.vy.insurance_assets
src-vault-engine-vy|liquidate	src/vault_engine.vy.liquidate
src-vault-engine-vy|next	src/vault_engine.vy.next
src-vault-engine-vy|open-position	src/vault_engine.vy.open_position
src-vault-engine-vy|pending-interest	src/vault_engine.vy.pending_interest
src-vault-engine-vy|position	src/vault_engine.vy.position
src-vault-engine-vy|redeem	src/vault_engine.vy.redeem
src-vault-engine-vy|repay	src/vault_engine.vy.repay
src-vault-engine-vy|set-rate	src/vault_engine.vy.set_rate
src-vault-engine-vy|surplus	src/vault_engine.vy.surplus
src-vault-engine-vy|total-debt	src/vault_engine.vy.total_debt
src-vault-engine-vy|total-shares	src/vault_engine.vy.total_shares
src-vault-engine-vy|withdraw-collateral	src/vault_engine.vy.withdraw_collateral
src-cashback-vy|bobc	src/cashback.vy.BOBC
src-cashback-vy|cashback-bps	src/cashback.vy.CASHBACK_BPS
src-cashback-vy|merchants	src/cashback.vy.MERCHANTS
src-cashback-vy|-init-	src/cashback.vy.__init__
src-cashback-vy|-module-	src/cashback.vy.__module__
src-cashback-vy|-clear-merchants	src/cashback.vy._clear_merchants
src-cashback-vy|add-merchant	src/cashback.vy.add_merchant
src-cashback-vy|clear-merchants	src/cashback.vy.clear_merchants
src-cashback-vy|get-merchants	src/cashback.vy.get_merchants
src-cashback-vy|is-merchant	src/cashback.vy.is_merchant
src-cashback-vy|max-cashback-bps	src/cashback.vy.max_cashback_bps
src-cashback-vy|max-merchant-size	src/cashback.vy.max_merchant_size
src-cashback-vy|pay	src/cashback.vy.pay
src-cashback-vy|remove-merchant	src/cashback.vy.remove_merchant
src-cashback-vy|set-cashback-bps	src/cashback.vy.set_cashback_bps
src-cashback-vy|set-merchants	src/cashback.vy.set_merchants
src-sorted-positions-vy|-init-	src/sorted_positions.vy.__init__
src-sorted-positions-vy|-module-	src/sorted_positions.vy.__module__
src-sorted-positions-vy|-assert-hints	src/sorted_positions.vy._assert_hints
src-sorted-positions-vy|-contains	src/sorted_positions.vy._contains
src-sorted-positions-vy|-head	src/sorted_positions.vy._head
src-sorted-positions-vy|-insert	src/sorted_positions.vy._insert
src-sorted-positions-vy|-next	src/sorted_positions.vy._next
src-sorted-positions-vy|-remove	src/sorted_positions.vy._remove
